Heading,Link
God Regrets Never Learning Spanish,https://www.theonion.com/god-regrets-never-learning-spanish-1847125473
‘The Onion’ Calls On Israel To Bomb Our Offices In Case Any Hamas Agents Hiding Out There,https://www.theonion.com/the-onion-calls-on-israel-to-bomb-our-offices-in-case-1846912378
Amazon Worker Emerges From Holiday Overtime Shift To Find 3,000 Years Have Passed In Outside World,https://www.theonion.com/amazon-worker-emerges-from-holiday-overtime-shift-to-fi-1845852867
‘The Onion’ Reveals The 2020 Walton Goggins Of The Year Is Walton Goggins,https://www.theonion.com/the-onion-reveals-the-2020-walton-goggins-of-the-year-1845863741
Minneapolis Announces Plan To Replace Police Officers With Thousands Of Heavily Armed Social Workers,https://www.theonion.com/minneapolis-announces-plan-to-replace-police-officers-w-1844627586
TheOnion.com Has Been Designated As A Pandemic Shelter In The Event That Covid-19 Could Spread Through The Internet,https://www.theonion.com/theonion-com-has-been-designated-as-a-pandemic-shelter-1842495357
Plan B Unveils New Line Of Space-Time Wormholes To Prevent Intercourse From Ever Happening,https://www.theonion.com/plan-b-unveils-new-line-of-space-time-wormholes-to-prev-1839990785
Pope Francis Bags 6-Winged Trophy Angel During Vatican’s Annual Seraphim Hunt,https://www.theonion.com/pope-francis-bags-6-winged-trophy-angel-during-vatican-1839864272
Thomas Jefferson: ‘The Tree Of Liberty Must Be Refreshed From Time To Time With The Blood Of Patriots And Tyrants And Kindergarteners And Newlyweds And High-Schoolers And Parents And Teachers And Worshippers And Workers And Occasionally Infants’,https://www.theonion.com/thomas-jefferson-the-tree-of-liberty-must-be-refreshe-1836974855
Music Historians Uncover Evidence Of 18th-Century Viennese Boy Band Mozart Fronted Before Leaving To Pursue Solo Career,https://www.theonion.com/music-historians-uncover-evidence-of-18th-century-vienn-1836973337
Small Town Ravished By Alejandro,https://www.theonion.com/small-town-ravished-by-alejandro-1836636742
Boston General Introduces New ‘Night Among The Patients’ Event Featuring Cocktails, Live Music,https://www.theonion.com/boston-general-introduces-new-night-among-the-patients-1836415458
Historians Reveal Aqueducts Were Only Small Portion Of Ancient Rome’s Intricate Water Park System,https://www.theonion.com/historians-reveal-aqueducts-were-only-small-portion-of-1835903546
‘I Don’t Like The Look Of This,’ Says Astronaut Entering Flickering, Ooze-Covered Abandoned Section Of ISS,https://www.theonion.com/i-don-t-like-the-look-of-this-says-astronaut-enterin-1834508322
Neutrogena Calls For Worldwide Cleansing In Effort To Attain Facial Purity,https://www.theonion.com/neutrogena-calls-for-worldwide-cleansing-in-effort-to-a-1834151404
Report Reveals Jesus Christ May Have Benefited From Father’s Influential Position To Gain High-Powered Role As Lord And Savior,https://www.theonion.com/report-reveals-jesus-christ-may-have-benefited-from-fat-1833717521
Ecologists Discover 400 Species Of Charles Darwin Living In Galápagos Islands,https://www.theonion.com/ecologists-discover-400-species-of-charles-darwin-livin-1830382825
Wealthy Americans Assure Populace That Heavily Armed Floating City Being Built Above Nation Has Nothing To Do With Anything,https://www.theonion.com/wealthy-americans-assure-populace-that-heavily-armed-fl-1830183535
‘Take This Grape For It Is The Witch’s Eye, Take This Spaghetti For It Is The Witch’s Brain,’ Says Pope Francis During Halloween-Themed Communion,https://www.theonion.com/take-this-grape-for-it-is-the-witch-s-eye-take-this-s-1830130596
CDC Introduces ‘Raw Dog’ The STI Pup To Educate Children About The Dangers Of Unprotected Sex,https://www.theonion.com/cdc-introduces-raw-dog-the-sti-pup-to-educate-childre-1830029685
Heading,Link
‘You Are All Inside Amazon’s Second Headquarters,’ Jeff Bezos Announces To Horrified Americans As Massive Dome Envelops Nation,https://www.theonion.com/you-are-all-inside-amazon-s-second-headquarters-jeff-1829865580
Cows Trample Dozens Of Lobsters To Death In Escalating Surf ’N’ Turf War,https://www.theonion.com/cows-trample-dozens-of-lobsters-to-death-in-escalating-1829758181
Disheveled CDC Director Warns Of ‘Invisible Germs Crawling Everywhere’ From Inside Sealed Plastic Bubble,https://www.theonion.com/disheveled-cdc-director-warns-of-invisible-germs-crawl-1829358543
Jeffrey Dahmer Estate Releases Collection Of Never-Before-Seen Victim Remains,https://www.theonion.com/jeffrey-dahmer-estate-releases-collection-of-never-befo-1828749756
Study Shows Link Between Feelings Of Guilt, Bleeding Man Holding Onto Car Hood Screaming At You To Stop,https://www.theonion.com/study-shows-link-between-feelings-of-guilt-bleeding-ma-1827515502
Onion Social CEO: ‘We’re Proud To Announce The First Genital Recognition Software’,https://www.theonion.com/onion-social-ceo-we-re-proud-to-announce-the-first-ge-1826907537
New Alternate-History Drama Examines What Would Have Happened If Nazis Won 1991 NBA Finals,https://www.theonion.com/new-alternate-history-drama-examines-what-would-have-ha-1826222811
Experts Warn Beef Could Act As Gateway Meat To Human Flesh,https://www.theonion.com/experts-warn-beef-could-act-as-gateway-meat-to-human-fl-1825562946
Report: God Directly Communicating With You Through This Headline,https://www.theonion.com/report-god-directly-communicating-with-you-through-thi-1825206273
Cows Go Extinct,https://www.theonion.com/cows-go-extinct-1825018199
San Diego Zoo Unveils Severed Rhino Head Attached To Steel Frame As Part Of New Conceptual Wildlife Exhibit,https://www.theonion.com/san-diego-zoo-unveils-severed-rhino-head-attached-to-st-1824187222
U.S. Military Announces Plan To Consolidate All Wars Into Final, Epic Battle,https://www.theonion.com/u-s-military-announces-plan-to-consolidate-all-wars-in-1824018300
Facebook Announces Plan To Combat Fake News Stories By Making Them Actually Happen,https://www.theonion.com/facebook-announces-plan-to-combat-fake-news-stories-by-1823836038
Military Historians Discover Majority Of Human Warfare Fought By Disguised Women Taking Place Of Ailing Fathers,https://www.theonion.com/military-historians-discover-majority-of-human-warfare-1823549266
Cleveland Finishes Construction On New Elevated Sewer System,https://www.theonion.com/cleveland-finishes-construction-on-new-elevated-sewer-s-1823332951
Raytheon Unveils Military Robot Capable Of Composing Poignant Poems About Horrors Of War,https://www.theonion.com/raytheon-unveils-military-robot-capable-of-composing-po-1823080006
Ra Wins Westminster God Show,https://www.theonion.com/ra-wins-westminster-god-show-1822961049
U.S. Military Heightens Security After Another Group Of Precocious Children Sneaks Onto Base To Save Alien Friend,https://www.theonion.com/u-s-military-heightens-security-after-another-group-of-1822882300
Estée Lauder Expedition Stumbles Upon Frozen Remains Of Previous Party Sent To Retrieve Rare Moisturizing Herb In The Himalayas,https://www.theonion.com/estee-lauder-expedition-stumbles-upon-frozen-remains-of-1821294709
Report: 83% Of Player Pianos Set Off By Gunfight,https://www.theonion.com/report-83-of-player-pianos-set-off-by-gunfight-1821089650
Heading,Link
Bangor Police Bring In Stephen King To Help Track Demonic Car That Killed Woman,https://www.theonion.com/bangor-police-bring-in-stephen-king-to-help-track-demon-1820848385
‘The Onion’ Has Obtained Exclusive Information From Jaime Phillips About Roy Moore’s Sexual Indiscretions,https://www.theonion.com/the-onion-has-obtained-exclusive-information-from-jai-1820808638
Confident Philadelphia Officials Preemptively Raze Center City To Make Room For Amazon Headquarters,https://www.theonion.com/confident-philadelphia-officials-preemptively-raze-cent-1820509855
Vatican City Zoo Struggling To Breed First Angel In Captivity,https://www.theonion.com/vatican-city-zoo-struggling-to-breed-first-angel-in-cap-1819844920
New Evidence Reveals Pythagoras Wrote Dozens Of Unhinged Conspiracy Theorems About Triangles,https://www.theonion.com/new-evidence-reveals-pythagoras-wrote-dozens-of-unhinge-1819655096
Historians Discover Meditation Spread From Ancient China By Annoying Monk Who Wouldn’t Shut Up About How It Changed His Life,https://www.theonion.com/historians-discover-meditation-spread-from-ancient-chin-1819580402
Millions Of Moms Set Out On Pilgrimage To Premium Outlet Center,https://www.theonion.com/millions-of-moms-set-out-on-pilgrimage-to-premium-outle-1819580391
NASA’s Mars Roomba Begins Mission To Clean Dust From Planet’s Surface,https://www.theonion.com/nasa-s-mars-roomba-begins-mission-to-clean-dust-from-pl-1819580347
FDA Rents Party House Upstate To Test New Drug,https://www.theonion.com/fda-rents-party-house-upstate-to-test-new-drug-1819580325
T.J. Maxx Recreates In-Store Shopping Experience With New Website That Randomly Scatters Products All Over The Place,https://www.theonion.com/t-j-maxx-recreates-in-store-shopping-experience-with-n-1819580303
Struggling Amtrak To Discontinue Mysterious Late-Night Trains To Spirit Realm,https://www.theonion.com/struggling-amtrak-to-discontinue-mysterious-late-night-1819580227
Nation’s Therapists Say Majority Of Issues Could Be Resolved By Not Being So Weird All The Time,https://www.theonion.com/nation-s-therapists-say-majority-of-issues-could-be-res-1819580221
76 Million Baby Boomers Abscond To Fiji After Draining Nation’s Social Security, Medicare Accounts,https://www.theonion.com/76-million-baby-boomers-abscond-to-fiji-after-draining-1819580141
NASA Announces Selection Of Two Hot, Ripped Astronauts For Man-On-Man Mission To Mars,https://www.theonion.com/nasa-announces-selection-of-two-hot-ripped-astronauts-1819580114
Amazon Completes New Suspension Tank To House Psychic Beings Who Foresee Customers’ Future Orders,https://www.theonion.com/amazon-completes-new-suspension-tank-to-house-psychic-b-1819580110
Historians Find Evidence Of Nation’s Founding Lobbyists’ Campaign To Influence Constitution,https://www.theonion.com/historians-find-evidence-of-nation-s-founding-lobbyists-1819580085
God Falling Under Influence Of Powerful Spiritual Guru,https://www.theonion.com/god-falling-under-influence-of-powerful-spiritual-guru-1819580081
Theoretical Scientists Gather For 35th Annual Symposium To Try To Determine How Gas Nozzle Knows When Tank Is Full,https://www.theonion.com/theoretical-scientists-gather-for-35th-annual-symposium-1819580051
Pope Francis Buys Knockoff Chalice At Store In Vatican City Chinatown,https://www.theonion.com/pope-francis-buys-knockoff-chalice-at-store-in-vatican-1819580038
NASA Receives More Depressing Photos Of Mars’ Surface From Morbid Curiosity Rover,https://www.theonion.com/nasa-receives-more-depressing-photos-of-mars-surface-f-1819579998
Heading,Link
Nation Unable To Discern Why Unattractive Woman On Screen,https://www.theonion.com/nation-unable-to-discern-why-unattractive-woman-on-scre-1819579969
President Trump Has Enacted The ‘Theseus Protocol’: What Does That Mean For America?,https://www.theonion.com/president-trump-has-enacted-the-theseus-protocol-wha-1819579965
Dave & Buster’s Opens New Fine Dining, Gaming Outpost David & Benedict’s,https://www.theonion.com/dave-buster-s-opens-new-fine-dining-gaming-outpost-d-1819579968
‘The Onion’ Invites Republican Candidate Greg Gianforte To Physically Assault Our Entire Editorial Staff,https://www.theonion.com/the-onion-invites-republican-candidate-greg-gianforte-1819579958
Just Who Are The Trumps, Exactly?,https://www.theonion.com/just-who-are-the-trumps-exactly-1819579955
Every American Should Be Extremely Unsettled By The Initiatives Trump’s Cabinet Is Pursuing,https://www.theonion.com/every-american-should-be-extremely-unsettled-by-the-ini-1819579950
Who Are The Deeply Disturbed Individuals In Trump’s Inner Circle?,https://www.theonion.com/who-are-the-deeply-disturbed-individuals-in-trump-s-inn-1819579946
What Is Trump Hiding?,https://www.theonion.com/what-is-trump-hiding-1819579940
Kicking, Screaming Warren Buffett Dragged From Caesars Palace After Losing Everything At Roulette Wheel,https://www.theonion.com/kicking-screaming-warren-buffett-dragged-from-caesars-1819579935
Pressure Mounting For Humans To Step Down As Head Of Failing Global Ecosystem,https://www.theonion.com/pressure-mounting-for-humans-to-step-down-as-head-of-fa-1819579924
Greyhound To Send Chimps On Pioneering Bus Trip From Buffalo To Atlantic City,https://www.theonion.com/greyhound-to-send-chimps-on-pioneering-bus-trip-from-bu-1819579895
Ecuadorian Officials Starting To Get Sick Of Julian Assange Always Leaving Dirty Dishes All Over Embassy,https://www.theonion.com/ecuadorian-officials-starting-to-get-sick-of-julian-ass-1819579878
NASA Designs Suit Capable Of Protecting Humans Hoping To One Day Live On Earth,https://www.theonion.com/nasa-designs-suit-capable-of-protecting-humans-hoping-t-1819579836
Hundreds Of Blind, Pallid Disney Characters Discovered Living In Caves Deep Within Space Mountain,https://www.theonion.com/hundreds-of-blind-pallid-disney-characters-discovered-1819579793
Archaeologists Uncover Last Human To Die Happy,https://www.theonion.com/archaeologists-uncover-last-human-to-die-happy-1819579784
Innovative Business Always On The Cutting Edge Of What Other Companies Have Been Doing For A Few Years,https://www.theonion.com/innovative-business-always-on-the-cutting-edge-of-what-1819579727
Child Protective Services Take 80 Million Children Into Custody After Discovering No One In Country Fit To Be Parent,https://www.theonion.com/child-protective-services-take-80-million-children-into-1819579659
‘What If We Try This?’ Asks Robotics Grad Student About To Eliminate 30% Of Workforce,https://www.theonion.com/what-if-we-try-this-asks-robotics-grad-student-about-1819579651
Surgically Altered Obama Doubles Struggling To Find Work After Presidency,https://www.theonion.com/surgically-altered-obama-doubles-struggling-to-find-wor-1819579627
World Agrees To Just Take Down Internet For A While Until They Can Find A Good Use For It,https://www.theonion.com/world-agrees-to-just-take-down-internet-for-a-while-unt-1819579575
Heading,Link
Cockroaches Feeling Very Optimistic About Future Of Planet,https://www.theonion.com/cockroaches-feeling-very-optimistic-about-future-of-pla-1819579564
World Wildlife Fund Urges Americans To Just Grab Whatever Animal They See And Try To Keep It Alive,https://www.theonion.com/world-wildlife-fund-urges-americans-to-just-grab-whatev-1819579525
The Onion’s 2016 Fish Of The Year Is…This Fish,https://www.theonion.com/the-onion-s-2016-fish-of-the-year-is-this-fish-1819579494
Scientists Make Discovery About World’s Silt Deposits But Understand If You Aren’t Interested In That,https://www.theonion.com/scientists-make-discovery-about-world-s-silt-deposits-b-1819579489
City Of Chicago Working Around Clock To Clear 18 Inches Of Bullet Casings From Streets,https://www.theonion.com/city-of-chicago-working-around-clock-to-clear-18-inches-1819579485
Historians Piece Together Carnival East India Company’s First Cruise In 1605,https://www.theonion.com/historians-piece-together-carnival-east-india-company-s-1819579469
Deep-Sea Godiva Rig Taps World’s Largest Offshore Ganache Deposit,https://www.theonion.com/deep-sea-godiva-rig-taps-world-s-largest-offshore-ganac-1819579452
Nate Silver Gunned Down Attempting To Cross Mexican Border With All 2016 Polling Data,https://www.theonion.com/nate-silver-gunned-down-attempting-to-cross-mexican-bor-1819579401
Psychologists Say It Perfectly Natural To Fantasize About Sandwiches Other Than One Currently In Hand,https://www.theonion.com/psychologists-say-it-perfectly-natural-to-fantasize-abo-1819579393
New Company Aims To Explore Intersection Of Technology, Other Thing,https://www.theonion.com/new-company-aims-to-explore-intersection-of-technology-1819579383
The Onion Humbly Offers Up Its Offices To Imprison The Women Who Have Wrongfully Accused Donald Trump,https://www.theonion.com/the-onion-humbly-offers-up-its-offices-to-imprison-the-1819579397
Sunny Saves Bo From Mountain Lion During Cross-Country Journey To Reunite With Obamas,https://www.theonion.com/sunny-saves-bo-from-mountain-lion-during-cross-country-1819579373
Subway Breeding Program Successfully Creates Black Forest Ham–Meatball Marinara Hybrid,https://www.theonion.com/subway-breeding-program-successfully-creates-black-fore-1819579347
‘The Onion’ Is Withholding Our Endorsement For President Until Both Candidates Respond To Our Questionnaire,https://www.theonion.com/the-onion-is-withholding-our-endorsement-for-presiden-1819579352
National Association Of Enablers To Americans: ‘C’mon’,https://www.theonion.com/national-association-of-enablers-to-americans-c-mon-1819579335
CIA Orchestrates Coup D’État To Replace Entire Population Of Venezuela,https://www.theonion.com/cia-orchestrates-coup-d-etat-to-replace-entire-populati-1819579319
Man Wakes From Coma With Ability To Understand Health Insurance Policy,https://www.theonion.com/man-wakes-from-coma-with-ability-to-understand-health-i-1819579312
‘The Onion’ Has Obtained Donald Trump’s Tax Returns And Has Chosen To Destroy Them,https://www.theonion.com/the-onion-has-obtained-donald-trump-s-tax-returns-and-1819579307
Report: U.S. Students Lack Language Skills, Vocabulary To Effectively Belittle Classmates,https://www.theonion.com/report-u-s-students-lack-language-skills-vocabulary-1819579257
Report: Feeling Bad Right Now Most Reliable Predictor Of Feeling Bad Forever,https://www.theonion.com/report-feeling-bad-right-now-most-reliable-predictor-o-1819579273
Heading,Link
New STEM Initiative Just Tries To Dissuade Students In Other Countries From Pursuing Science Careers,https://www.theonion.com/new-stem-initiative-just-tries-to-dissuade-students-in-1819579219
Team Of Vatican Geneticists Successfully Clone God,https://www.theonion.com/team-of-vatican-geneticists-successfully-clone-god-1819579224
Incoming Class Of Subway Trainees Spends Week Practicing On Sandwich Cadavers,https://www.theonion.com/incoming-class-of-subway-trainees-spends-week-practicin-1819579198
‘I Can’t Do This Anymore,’ Think 320 Million Americans Quietly Going About Day,https://www.theonion.com/i-can-t-do-this-anymore-think-320-million-americans-1819579152
Ayatollah Khamenei Addresses Tehran Prison Mess Hall During Annual Press Correspondents’ Dinner,https://www.theonion.com/ayatollah-khamenei-addresses-tehran-prison-mess-hall-du-1819579109
Obama Holds Camp David Summit To Ease Tensions With Coyotes,https://www.theonion.com/obama-holds-camp-david-summit-to-ease-tensions-with-coy-1819579099
‘We Get The Food And Then We Eat The Food Until All The Food Is Gone,’ City Of Chicago Announces Unprompted,https://www.theonion.com/we-get-the-food-and-then-we-eat-the-food-until-all-the-1819579002
Investigators: First 48 Hours Most Critical In Locating Missing Children Who Entered Portal To Fantastical World,https://www.theonion.com/investigators-first-48-hours-most-critical-in-locating-1819579006
NASA Social Media Manager Considers Himself Part Of Team,https://www.theonion.com/nasa-social-media-manager-considers-himself-part-of-tea-1819579003
CDC Horrified After Discovering Existence Of Thousands Of Public Pools,https://www.theonion.com/cdc-horrified-after-discovering-existence-of-thousands-1819578961
FBI Discontinues Surveillance Of Muslim Americans After Completing 15-Year Study Of Beautiful Culture,https://www.theonion.com/fbi-discontinues-surveillance-of-muslim-americans-after-1819578948
Obama Discovers Telepathic Connection With Military Drone In Afghanistan,https://www.theonion.com/obama-discovers-telepathic-connection-with-military-dro-1819578944
Nation’s Overthinkers Convene To Determine What That’s Supposed To Mean,https://www.theonion.com/nation-s-overthinkers-convene-to-determine-what-that-s-1819578931
Brazen Man Leaves Copy Of ‘Consent To Kill’ By Vince Flynn Unattended In Coffee Shop While Going To Bathroom,https://www.theonion.com/brazen-man-leaves-copy-of-consent-to-kill-by-vince-fl-1819578916
Leaked Documents Reveal Studio Executives Knew About ‘Gods Of Egypt’ Before It Released Onto Public,https://www.theonion.com/leaked-documents-reveal-studio-executives-knew-about-g-1819578910
Man’s Garbage To Have Much More Significant Effect On Planet Than He Will,https://www.theonion.com/man-s-garbage-to-have-much-more-significant-effect-on-p-1819578908
Wealthy Socialite Falling For Unrefined But Beautiful Lower-Class Populace,https://www.theonion.com/wealthy-socialite-falling-for-unrefined-but-beautiful-l-1819578892
Ayahuasca Shaman Dreading Another Week Of Guiding Tech CEOs To Spiritual Oneness,https://www.theonion.com/ayahuasca-shaman-dreading-another-week-of-guiding-tech-1819578907
Christ Does Soft Return To Gauge Interest,https://www.theonion.com/christ-does-soft-return-to-gauge-interest-1819578856
Assault Rifle In Iraq Losing Track Of How Many Times It’s Switched Sides During War,https://www.theonion.com/assault-rifle-in-iraq-losing-track-of-how-many-times-it-1819578846
Heading,Link
New OSHA Regulations To Cut Down On Workplace Mutations,https://www.theonion.com/new-osha-regulations-to-cut-down-on-workplace-mutations-1819578835
Officials Starting To Think School Just Not Nation’s Thing,https://www.theonion.com/officials-starting-to-think-school-just-not-nation-s-th-1819578828
ExxonMobil CEO Relieved It Finally Too Late To Do Anything About Climate Change,https://www.theonion.com/exxonmobil-ceo-relieved-it-finally-too-late-to-do-anyth-1819578782
New Royal Caribbean Cruise Just 12-Day Buffet On Floor Of Empty Dockside Warehouse,https://www.theonion.com/new-royal-caribbean-cruise-just-12-day-buffet-on-floor-1819578766
Struggling Nation Sends Middle Class To Go Live With Canadian Government For A While,https://www.theonion.com/struggling-nation-sends-middle-class-to-go-live-with-ca-1819578760
Mattel Releases New Male Barbie To Inspire Girls To Imagine Holding Highest Leadership Positions,https://www.theonion.com/mattel-releases-new-male-barbie-to-inspire-girls-to-ima-1819578707
Scientists Slowly Reintroducing Small Group Of Normal, Well-Adjusted Humans Into Society,https://www.theonion.com/scientists-slowly-reintroducing-small-group-of-normal-1819578704
Nation Comes To Halt To Watch Crane Move Massive Concrete Tube,https://www.theonion.com/nation-comes-to-halt-to-watch-crane-move-massive-concre-1819578701
Report: Leading Cause Of Death Still Venturing Beyond The Pines,https://www.theonion.com/report-leading-cause-of-death-still-venturing-beyond-t-1819578695
World Makes Final Attempt To Try To Understand This Shit,https://www.theonion.com/world-makes-final-attempt-to-try-to-understand-this-shi-1819578744
Nation Reaffirms Commitment To Things They Recognize,https://www.theonion.com/nation-reaffirms-commitment-to-things-they-recognize-1819578733
Obama Transformed Into 20-Foot-Tall Monster President After Being Doused With Job-Growth Chemical,https://www.theonion.com/obama-transformed-into-20-foot-tall-monster-president-a-1819578666
Vatican City Residents Rally To Save St. Peter’s Basilica From Development,https://www.theonion.com/vatican-city-residents-rally-to-save-st-peter-s-basili-1819578627
Obama Tells Nation To Just Chalk Up Today As Loss,https://www.theonion.com/obama-tells-nation-to-just-chalk-up-today-as-loss-1819578620
Parallel World Leaders Meet In Washington For Interdimensional Summit,https://www.theonion.com/parallel-world-leaders-meet-in-washington-for-interdime-1819578579
Disney World Opens New Ordeal Kingdom For Family Meltdowns,https://www.theonion.com/disney-world-opens-new-ordeal-kingdom-for-family-meltdo-1819578568
Pentagon Holds Gala To Celebrate 25 Years Of Bombing Iraq,https://www.theonion.com/pentagon-holds-gala-to-celebrate-25-years-of-bombing-ir-1819578553
Khalid Sheikh Mohammed Reluctantly Accepts Alternative Sentence Of Coaching Troublesome Youth Sports Team,https://www.theonion.com/khalid-sheikh-mohammed-reluctantly-accepts-alternative-1819578552
Monsanto Lab On Lockdown After Scientists Find Shattered Tomato Containment Unit,https://www.theonion.com/monsanto-lab-on-lockdown-after-scientists-find-shattere-1819578546
Coca-Cola Marketing Strategist Named New United States PR Laureate,https://www.theonion.com/coca-cola-marketing-strategist-named-new-united-states-1819578518
Heading,Link
Vatican Tour Group Catches Glimpse Of Pale, Emaciated Joseph Ratzinger Scuttling Into Dark Catacombs,https://www.theonion.com/vatican-tour-group-catches-glimpse-of-pale-emaciated-j-1819578499
Nation’s Oppressed Christians Huddle Underground To Light Single Shriveled Christmas Shrub,https://www.theonion.com/nation-s-oppressed-christians-huddle-underground-to-lig-1819578481
Crowds Of Stock Traders Gather At Weeping Statue Of Wall Street Bull,https://www.theonion.com/crowds-of-stock-traders-gather-at-weeping-statue-of-wal-1819578464
Nation Figured Everything Would Run On Some Kind Of Cubes Of Blue Energy By Now,https://www.theonion.com/nation-figured-everything-would-run-on-some-kind-of-cub-1819578420
Economists Estimate Human Civilization Still Years Away From Turning Profit,https://www.theonion.com/economists-estimate-human-civilization-still-years-away-1819578413
Executive Recalls Booming Private Prison Corporation’s Humble Beginnings As Modest 6-Cell Facility,https://www.theonion.com/executive-recalls-booming-private-prison-corporation-s-1819578395
Vicious, Feral House Republicans Run Loose Across D.C. Following Resignation Of Caretaker,https://www.theonion.com/vicious-feral-house-republicans-run-loose-across-d-c-1819578391
FBI Counterterrorism Agent Wistfully Recalls Watching 20-Year-Old Muslim-American Grow Up,https://www.theonion.com/fbi-counterterrorism-agent-wistfully-recalls-watching-2-1819578372
Bisquick Unveils Sprawling State-Of-The-Art Silicon Valley Campus,https://www.theonion.com/bisquick-unveils-sprawling-state-of-the-art-silicon-val-1819578375
Obama Follows White Stallion Into Moonlit Rose Garden,https://www.theonion.com/obama-follows-white-stallion-into-moonlit-rose-garden-1819578331
Study Finds Carving Names Into Public Property Prolongs Relationship By 30 Or More Years,https://www.theonion.com/study-finds-carving-names-into-public-property-prolongs-1819578330
Aging Mother Knows Any Wrong Move Could Be Taken For Telltale Sign Of Dementia,https://www.theonion.com/aging-mother-knows-any-wrong-move-could-be-taken-for-te-1819578320
NASA Hoping To Get In On Some Defense Funding With Plan For Torpedo-Equipped Orbital Telescope,https://www.theonion.com/nasa-hoping-to-get-in-on-some-defense-funding-with-plan-1819578304
Biologists Still No Closer To Discovering How Birds Have Sex,https://www.theonion.com/biologists-still-no-closer-to-discovering-how-birds-hav-1819578301
Childish 12-Year-Old Still Believes In Father,https://www.theonion.com/childish-12-year-old-still-believes-in-father-1819578269
‘Our Town’ Cast Party Going Off The Rails,https://www.theonion.com/our-town-cast-party-going-off-the-rails-1819578265
Archaeologists Reconstruct Snyder’s Of Hanover Pretzel From Pieces Discovered In Des Moines–Area Stop ’N Go,https://www.theonion.com/archaeologists-reconstruct-snyder-s-of-hanover-pretzel-1819578303
New Evidence Confirms First Human Ancestors Climbed Down From Trees To Retrieve Dropped Snack,https://www.theonion.com/new-evidence-confirms-first-human-ancestors-climbed-dow-1819578286
Company’s HR Manager Really Pushing Infinite-Deductible Health Care Plan,https://www.theonion.com/company-s-hr-manager-really-pushing-infinite-deductible-1819578254
Species That Had 25 Million Years To Evolve Pathetically Snuffed Out In 8 Years,https://www.theonion.com/species-that-had-25-million-years-to-evolve-patheticall-1819578222
Heading,Link
Nation’s Marketers Only People Still Trying To Reach Inner-City Child,https://www.theonion.com/nation-s-marketers-only-people-still-trying-to-reach-in-1819578210
Secretary Of Labor Assures Nation There Still Plenty Of Jobs For Americans Willing To Outwork Robots,https://www.theonion.com/secretary-of-labor-assures-nation-there-still-plenty-of-1819578194
Goodwill Executives Arrested After Years Of Skimming Donated Goods Off Top,https://www.theonion.com/goodwill-executives-arrested-after-years-of-skimming-do-1819578191
NASA Deploys Congressional Rover To Search For Funding,https://www.theonion.com/nasa-deploys-congressional-rover-to-search-for-funding-1819578176
New Magnet School Opens For Students With Interest In Receiving Competent Education,https://www.theonion.com/new-magnet-school-opens-for-students-with-interest-in-r-1819578164
Lindsey Graham Struggling To Stay Awake While Driving Empty Campaign Bus Overnight To Next Event,https://www.theonion.com/lindsey-graham-struggling-to-stay-awake-while-driving-e-1819578156
Scientists Confident Artificially Intelligent Machines Can Be Programmed To Be Lenient Slave Masters,https://www.theonion.com/scientists-confident-artificially-intelligent-machines-1819578148
New SeaWorld Show Just Elephant Drowning In Large Tank Of Water With No Explanation,https://www.theonion.com/new-seaworld-show-just-elephant-drowning-in-large-tank-1819578125
Climate Change Deniers Present Graphic Description Of What Earth Must Look Like For Them To Believe,https://www.theonion.com/climate-change-deniers-present-graphic-description-of-w-1819578104
Encouraging Study Finds It Now Easier Than Ever For American Dollars To Rise Into Upper Class,https://www.theonion.com/encouraging-study-finds-it-now-easier-than-ever-for-ame-1819578095
Wildlife Experts Say Not Climbing Into Gorilla Enclosure Likely Saved Man’s Life,https://www.theonion.com/wildlife-experts-say-not-climbing-into-gorilla-enclosur-1819578123
Single Woman With 3 Young Children Unaware She Subject Of 984 Judgments Today,https://www.theonion.com/single-woman-with-3-young-children-unaware-she-subject-1819578101
Poll: Majority Of Voters Not Looking For Serious, Long-Term Candidate Right Now,https://www.theonion.com/poll-majority-of-voters-not-looking-for-serious-long-1819578071
Report: Rising Disney World Ticket Costs Prompting Many Parents To Leave Children At Home,https://www.theonion.com/report-rising-disney-world-ticket-costs-prompting-many-1819578075
Matt Damon Loses $500 To Guy Who Promised Professional-Looking Headshots,https://www.theonion.com/matt-damon-loses-500-to-guy-who-promised-professional-1819578067
Longtime Science Textbook Retires After 40 Years In Public School System,https://www.theonion.com/longtime-science-textbook-retires-after-40-years-in-pub-1819578045
Local Swingers Not Going To Drive Out To Goddamn Oakdale,https://www.theonion.com/local-swingers-not-going-to-drive-out-to-goddamn-oakdal-1819578036
Long John Silver’s Introduces New Golden Fried Abomination From The Deep,https://www.theonion.com/long-john-silver-s-introduces-new-golden-fried-abominat-1819578026
Palestinian Man Marvels At How Much Childhood Refugee Camp Has Changed,https://www.theonion.com/palestinian-man-marvels-at-how-much-childhood-refugee-c-1819578020
New York City Abuzz Over New Resident,https://www.theonion.com/new-york-city-abuzz-over-new-resident-1819577989
Heading,Link
Researchers Say Virgin Mary Actually God’s Second Choice To Bear Son,https://www.theonion.com/researchers-say-virgin-mary-actually-god-s-second-choic-1819577968
World’s Frogs Unveil 5-Million-Year Plan To Move Up Food Chain,https://www.theonion.com/world-s-frogs-unveil-5-million-year-plan-to-move-up-foo-1819577947
Mentor To Younger Women In Company Lets Herself Knock One Down Once In A While As Treat,https://www.theonion.com/mentor-to-younger-women-in-company-lets-herself-knock-o-1819577942
Serial Killer Admits He’s Lost Track Of Pattern He Was Going For Originally,https://www.theonion.com/serial-killer-admits-he-s-lost-track-of-pattern-he-was-1819577930
Study Finds Dangers Even In Casual Bullfighting,https://www.theonion.com/study-finds-dangers-even-in-casual-bullfighting-1819577920
Dementia Study Reveals Fond Memories First To Go,https://www.theonion.com/dementia-study-reveals-fond-memories-first-to-go-1819577907
Report: San Francisco To Shut Doors Over Rising Rent,https://www.theonion.com/report-san-francisco-to-shut-doors-over-rising-rent-1819577890
World Begins Another Day At Mercy Of 19-Year-Old Estonian Hacker,https://www.theonion.com/world-begins-another-day-at-mercy-of-19-year-old-estoni-1819577886
Experts Say Best Option Now Is Keeping Nation As Comfortable As Possible Till End,https://www.theonion.com/experts-say-best-option-now-is-keeping-nation-as-comfor-1819577894
Parents Worried Children Old Enough To Remember Family Vacation,https://www.theonion.com/parents-worried-children-old-enough-to-remember-family-1819577846
Scientists Make Unclear Breakthrough After Giving Robot Cancer,https://www.theonion.com/scientists-make-unclear-breakthrough-after-giving-robot-1819577830
Olay Getting Women To Drop Guard With Few Nonjudgmental Ads Before Nailing Them With Body Shame,https://www.theonion.com/olay-getting-women-to-drop-guard-with-few-nonjudgmental-1819577834
Matt Lauer Waits In Parking Garage For Anonymous Source On Parenting Trends,https://www.theonion.com/matt-lauer-waits-in-parking-garage-for-anonymous-source-1819577812
U.S. Dispatches Condolence Drones To Middle East Following Civilian Casualties,https://www.theonion.com/u-s-dispatches-condolence-drones-to-middle-east-follow-1819577802
Report: White House Officials Deliberately Hid FDR’s Mechanical Spider Legs From Public,https://www.theonion.com/report-white-house-officials-deliberately-hid-fdr-s-me-1819577862
Report: U.S. Hospitals Spend $2 Billion Each Year Replacing Gowns Taken By Escaped Patients,https://www.theonion.com/report-u-s-hospitals-spend-2-billion-each-year-repla-1819577838
NASA Announces Bold Plan To Still Exist By 2045,https://www.theonion.com/nasa-announces-bold-plan-to-still-exist-by-2045-1819577786
Museum Of Repressed American History Conceals New Exhibit On Tuskegee Experiments,https://www.theonion.com/museum-of-repressed-american-history-conceals-new-exhib-1819577794
Maximum-Security Prison Houses State’s Most Hardened, Violent Guards,https://www.theonion.com/maximum-security-prison-houses-state-s-most-hardened-v-1819577769
Head Of National Potato Council Declares U.S. In Midst Of Potato Renaissance,https://www.theonion.com/head-of-national-potato-council-declares-u-s-in-midst-1819577793
